<?xml version="1.0" encoding="UTF-8"?>
<project-private xmlns="http://www.netbeans.org/ns/project-private/1">
    <editor-bookmarks xmlns="http://www.netbeans.org/ns/editor-bookmarks/2" lastBookmarkId="0"/>
    <open-files xmlns="http://www.netbeans.org/ns/projectui-open-files/2">
        <group>
            <file>file:/C:/Users/student.admin/Documents/NetBeansProjects/Fast%20Movers%20Ministore/src/fastmoversministore/Income.java</file>
            <file>file:/C:/Users/student.admin/Documents/NetBeansProjects/Fast%20Movers%20Ministore/src/fastmoversministore/Inventory.java</file>
            <file>file:/C:/Users/student.admin/Documents/NetBeansProjects/Fast%20Movers%20Ministore/src/fastmoversministore/Admin.java</file>
            <file>file:/C:/Users/student.admin/Documents/NetBeansProjects/Fast%20Movers%20Ministore/src/fastmoversministore/Login.java</file>
            <file>file:/C:/Users/student.admin/Documents/NetBeansProjects/Fast%20Movers%20Ministore/src/fastmoversministore/Register.java</file>
            <file>file:/C:/Users/student.admin/Documents/NetBeansProjects/Fast%20Movers%20Ministore/src/fastmoversministore/Billing.java</file>
            <file>file:/C:/Users/student.admin/Documents/NetBeansProjects/Fast%20Movers%20Ministore/src/fastmoversministore/Staff.java</file>
            <file>file:/C:/Users/student.admin/Documents/NetBeansProjects/Fast%20Movers%20Ministore/src/fastmoversministore/Cashier.java</file>
        </group>
    </open-files>
</project-private>
